{
  "K": 0.1178061423023776,
  "tau": 38.47408108428398,
  "r_squared": 0.9911963841117287,
  "fitting_error": 0.10318454733701002
}