{
  "rise_time": 112.0,
  "overshoot": 0.061210490211598176,
  "settling_time": 135.0,
  "steady_state_error": 0.10205666666666673,
  "max_temp": 22.232
}