{
  "Kp": 30.316149070238176,
  "Ki": 0.7879629146652138,
  "Kd": 0.0,
  "lambda": 10.772742703599516
}